﻿{
"codec":"[HELPER3]",
"helper2":"[HELPER2]",
"isPlaying":"[IS_PLAYING]",
"isPaused":"[IS_PAUSED]",
"elapsedTime":"[ITEM_PLAYING_POS]",
"trackLength":"[ITEM_PLAYING_LEN]",
"volume":"[VOLUME]",
"order":"[PLAYBACK_ORDER]",
"albumArt":"[ALBUMART]",
"itemplaying":"[PLAYLIST_ITEM_PLAYING]",
"page":"[PLAYLIST_PAGE]",
"itemsPage":"[PLAYLIST_ITEMS_PER_PAGE]",
"playlist":{"js":[PLAYLIST_JS],"t":"[PLAYLIST_TOTAL_TIME]","pa":"[PLAYLIST_ACTIVE]","pp":"[PLAYLIST_PLAYING]","page":"[PLAYLIST_PAGE]","pages":"[PLAYLIST_PAGES_COUNT]","foc":"[PLAYLIST_ITEM_FOCUSED]","ip":"[PLAYLIST_ITEM_PLAYING]","ipp":"[PLAYLIST_ITEMS_PER_PAGE]","ic":"[PLAYLIST_PLAYING_ITEMS_COUNT]"},
"order":"[PLAYBACK_ORDER]",
"playlists":{"js":[PLAYLISTS_JS],"ac":"[PLAYLIST_ACTIVE]","pl":"[PLAYLIST_PLAYING]","page":"[PLAYLIST_PAGE]","t":"[PLAYLIST_TOTAL_TIME]"},
"search":"[SEARCH_REQUEST]",
"nowPlayingRating":"[HELPER1]"
}